{
  "total_files": 9,
  "files_with_seizures": 9,
  "files_with_detected_seizures": 7,
  "total_anomalies": 347,
  "true_positives": 156,
  "false_positives": 191,
  "sensitivity": 0.7777777777777778,
  "precision": 0.4495677233429395,
  "false_alarm_rate": 0.5504322766570605
}