{
  "strategy": "adaptive_p95_190s",
  "before": {
    "total_files": 9,
    "files_with_seizures": 9,
    "files_with_detected_seizures": 7,
    "total_anomalies": 347,
    "true_positives": 156,
    "false_positives": 191,
    "sensitivity": 0.7777777777777778,
    "precision": 0.4495677233429395,
    "false_alarm_rate": 0.5504322766570605
  },
  "after": {
    "total_anomalies": 26,
    "true_positives": 7,
    "false_positives": 19,
    "sensitivity": 0.6666666666666666,
    "precision": 0.2692307692307692,
    "false_alarm_rate": 0.7307692307692307,
    "anomaly_reduction": 0.9250720461095101,
    "fp_reduction": 0.900523560209424,
    "sensitivity_change": -0.11111111111111116,
    "score": 0.5956135277362851
  },
  "improvements": {
    "anomaly_reduction_pct": 92.507204610951,
    "fp_reduction_pct": 90.0523560209424,
    "sensitivity_change": -0.11111111111111116,
    "precision_improvement": -0.18033695411217027,
    "far_reduction": -0.1803369541121702
  }
}