{
  "strategy": "time_90s",
  "before": {
    "total_anomalies": 1441,
    "true_positives": 22,
    "false_positives": 1419,
    "event_recall": 0.8,
    "event_iou": 0.008368200836820083,
    "event_far_per_hour": 14.307320024198425
  },
  "after": {
    "total_anomalies": 795,
    "true_positives": 13,
    "false_positives": 782,
    "anomaly_reduction": 0.4482997918112422,
    "fp_reduction": 0.448907681465821,
    "event_recall": 0.8,
    "event_iou": 0.015132408575031526,
    "event_far_per_hour": 7.844323452308933,
    "event_recall_change": 0.0,
    "sensitivity_penalty": 0.0,
    "over_clustering_penalty": 20.5,
    "score": -20.096165453577136
  },
  "improvements": {
    "anomaly_reduction_pct": 44.829979181124216,
    "fp_reduction_pct": 44.8907681465821,
    "event_recall_change": 0.0,
    "event_iou_improvement": 0.006764207738211443,
    "event_far_change": -6.462996571889493
  }
}