{
  "clustering_method": "adaptive_time_based",
  "parameters": {
    "threshold": 190,
    "percentile_basis": 95
  },
  "timestamp": "2025-07-01T15:47:26.371731",
  "total_representatives": 26,
  "original_anomalies": 347,
  "representatives": [
    {
      "rank": 30,
      "m_value": 160,
      "anomaly_score": 0.6215223091555039,
      "location_sample": 14365,
      "location_time_seconds": 1795.625,
      "seizure_hit": true,
      "normalized_score": 0.6215223091555039,
      "confidence": 0.6215223091555039,
      "anomaly_id": "m160_rank30_loc14365",
      "file_id": "sub-001_run-03_seizure_00",
      "subject_id": "sub-001",
      "seizure_present": true,
      "cluster_id": 0,
      "cluster_size": 3,
      "cluster_tp_count": 3,
      "avg_time_distance": 8.875
    },
    {
      "rank": 14,
      "m_value": 480,
      "anomaly_score": 0.6297997743735082,
      "location_sample": 18518,
      "location_time_seconds": 2314.75,
      "seizure_hit": false,
      "normalized_score": 0.6297997743735082,
      "confidence": 0.6297997743735082,
      "anomaly_id": "m480_rank14_loc18518",
      "file_id": "sub-001_run-03_seizure_00",
      "subject_id": "sub-001",
      "seizure_present": true,
      "cluster_id": 1,
      "cluster_size": 20,
      "cluster_tp_count": 0,
      "avg_time_distance": 73.77631578947368,
      "cluster_max_score": 0.6297997743735082,
      "cluster_min_score": 0.6296318036861567
    },
    {
      "rank": 16,
      "m_value": 640,
      "anomaly_score": 0.6272604016472567,
      "location_sample": 23102,
      "location_time_seconds": 2887.75,
      "seizure_hit": false,
      "normalized_score": 0.6272604016472567,
      "confidence": 0.6272604016472567,
      "anomaly_id": "m640_rank16_loc23102",
      "file_id": "sub-001_run-03_seizure_00",
      "subject_id": "sub-001",
      "seizure_present": true,
      "cluster_id": 7,
      "cluster_size": 3,
      "cluster_tp_count": 0,
      "avg_time_distance": 123.31944444444444,
      "cluster_max_score": 0.6272604016472567,
      "cluster_min_score": 0.6262035664469265
    },
    {
      "rank": 2,
      "m_value": 720,
      "anomaly_score": 0.6381428047700274,
      "location_sample": 26553,
      "location_time_seconds": 3319.125,
      "seizure_hit": false,
      "normalized_score": 0.6381428047700274,
      "confidence": 0.6381428047700274,
      "anomaly_id": "m720_rank2_loc26553",
      "file_id": "sub-001_run-03_seizure_00",
      "subject_id": "sub-001",
      "seizure_present": true,
      "cluster_id": 2,
      "cluster_size": 7,
      "cluster_tp_count": 0,
      "avg_time_distance": 43.291666666666664,
      "cluster_max_score": 0.6381428047700274,
      "cluster_min_score": 0.6381428047700274
    },
    {
      "rank": 41,
      "m_value": 80,
      "anomaly_score": 0.6333153005877663,
      "location_sample": 13972,
      "location_time_seconds": 1746.5,
      "seizure_hit": true,
      "normalized_score": 0.6333153005877663,
      "confidence": 0.6333153005877663,
      "anomaly_id": "m80_rank41_loc13972",
      "file_id": "sub-002_run-01_seizure_01",
      "subject_id": "sub-002",
      "seizure_present": true,
      "cluster_id": 3,
      "cluster_size": 94,
      "cluster_tp_count": 94,
      "avg_time_distance": 44.33870967741935
    },
    {
      "rank": 26,
      "m_value": 400,
      "anomaly_score": 0.6425108290814022,
      "location_sample": 19895,
      "location_time_seconds": 2486.875,
      "seizure_hit": false,
      "normalized_score": 0.6425108290814022,
      "confidence": 0.6425108290814022,
      "anomaly_id": "m400_rank26_loc19895",
      "file_id": "sub-031_run-03_seizure_02",
      "subject_id": "sub-031",
      "seizure_present": true,
      "cluster_id": 9,
      "cluster_size": 17,
      "cluster_tp_count": 0,
      "avg_time_distance": 28.484375,
      "cluster_max_score": 0.6425108290814022,
      "cluster_min_score": 0.6425108290814022
    },
    {
      "rank": 9,
      "m_value": 800,
      "anomaly_score": 0.6544493352056481,
      "location_sample": 22600,
      "location_time_seconds": 2825.0,
      "seizure_hit": false,
      "normalized_score": 0.6544493352056481,
      "confidence": 0.6544493352056481,
      "anomaly_id": "m800_rank9_loc22600",
      "file_id": "sub-031_run-03_seizure_02",
      "subject_id": "sub-031",
      "seizure_present": true,
      "cluster_id": 10,
      "cluster_size": 5,
      "cluster_tp_count": 0,
      "avg_time_distance": 18.125
    },
    {
      "rank": 22,
      "m_value": 480,
      "anomaly_score": 0.6455424656833573,
      "location_sample": 25118,
      "location_time_seconds": 3139.75,
      "seizure_hit": false,
      "normalized_score": 0.6455424656833573,
      "confidence": 0.6455424656833573,
      "anomaly_id": "m480_rank22_loc25118",
      "file_id": "sub-031_run-03_seizure_02",
      "subject_id": "sub-031",
      "seizure_present": true,
      "cluster_id": 11,
      "cluster_size": 8,
      "cluster_tp_count": 0,
      "avg_time_distance": 23.142857142857142,
      "cluster_max_score": 0.6455424656833573,
      "cluster_min_score": 0.6455424656833573
    },
    {
      "rank": 13,
      "m_value": 720,
      "anomaly_score": 0.6509629554638264,
      "location_sample": 28573,
      "location_time_seconds": 3571.625,
      "seizure_hit": false,
      "normalized_score": 0.6509629554638264,
      "confidence": 0.6509629554638264,
      "anomaly_id": "m720_rank13_loc28573",
      "file_id": "sub-031_run-03_seizure_02",
      "subject_id": "sub-031",
      "seizure_present": true,
      "cluster_id": 12,
      "cluster_size": 5,
      "cluster_tp_count": 0,
      "avg_time_distance": 19.21875,
      "cluster_max_score": 0.6509629554638264,
      "cluster_min_score": 0.6509629554638264
    },
    {
      "rank": 25,
      "m_value": 640,
      "anomaly_score": 0.6461209614704299,
      "location_sample": 7115,
      "location_time_seconds": 889.375,
      "seizure_hit": false,
      "normalized_score": 0.6461209614704299,
      "confidence": 0.6461209614704299,
      "anomaly_id": "m640_rank25_loc7115",
      "file_id": "sub-032_run-05_seizure_00",
      "subject_id": "sub-032",
      "seizure_present": true,
      "cluster_id": 13,
      "cluster_size": 3,
      "cluster_tp_count": 0,
      "avg_time_distance": 34.75,
      "cluster_max_score": 0.6461209614704299,
      "cluster_min_score": 0.6461209614704299
    },
    {
      "rank": 4,
      "m_value": 720,
      "anomaly_score": 0.6548554825495475,
      "location_sample": 12966,
      "location_time_seconds": 1620.75,
      "seizure_hit": true,
      "normalized_score": 0.6548554825495475,
      "confidence": 0.6548554825495475,
      "anomaly_id": "m720_rank4_loc12966",
      "file_id": "sub-032_run-05_seizure_00",
      "subject_id": "sub-032",
      "seizure_present": true,
      "cluster_id": 14,
      "cluster_size": 12,
      "cluster_tp_count": 12,
      "avg_time_distance": 10.863636363636363,
      "cluster_max_score": 0.6548554825495475,
      "cluster_min_score": 0.6548554825495475
    },
    {
      "rank": 7,
      "m_value": 800,
      "anomaly_score": 0.6530018268480853,
      "location_sample": 14992,
      "location_time_seconds": 1874.0,
      "seizure_hit": true,
      "normalized_score": 0.6530018268480853,
      "confidence": 0.6530018268480853,
      "anomaly_id": "m800_rank7_loc14992",
      "file_id": "sub-032_run-05_seizure_00",
      "subject_id": "sub-032",
      "seizure_present": true,
      "cluster_id": 15,
      "cluster_size": 3,
      "cluster_tp_count": 3,
      "avg_time_distance": 1.0625,
      "cluster_max_score": 0.6530018268480853,
      "cluster_min_score": 0.6530018268480853
    },
    {
      "rank": 35,
      "m_value": 320,
      "anomaly_score": 0.6359967521804674,
      "location_sample": 16841,
      "location_time_seconds": 2105.125,
      "seizure_hit": false,
      "normalized_score": 0.6359967521804674,
      "confidence": 0.6359967521804674,