{
  "base_metrics": {
    "total_files": 400,
    "files_with_seizures": 400,
    "files_with_detected_seizures": 314,
    "total_anomalies": 13651,
    "true_positives": 5284,
    "false_positives": 8367,
    "sensitivity": 0.785,
    "precision": 0.38707786975313163,
    "false_alarm_rate": 0.6129221302468684
  },
  "strategies_tested": 9,
  "best_strategy": "time_120s",
  "strategy_results": {
    "time_15s": {
      "method": "time_based",
      "parameters": {
        "threshold": 15
      },
      "clusters": 3329,
      "metrics": {
        "total_anomalies": 3329,
        "true_positives": 948,
        "false_positives": 2381,
        "sensitivity": 0.775,
        "precision": 0.28477020126164015,
        "false_alarm_rate": 0.7152297987383599,
        "anomaly_reduction": 0.7561350816789979,
        "fp_reduction": 0.7154296641568065,
        "sensitivity_change": -0.010000000000000009,
        "score": 0.6360983229977832
      }
    },
    "time_30s": {
      "method": "time_based",
      "parameters": {
        "threshold": 30
      },
      "clusters": 2156,
      "metrics": {
        "total_anomalies": 2156,
        "true_positives": 577,
        "false_positives": 1579,
        "sensitivity": 0.7575,
        "precision": 0.26762523191094617,
        "false_alarm_rate": 0.7323747680890538,
        "anomaly_reduction": 0.8420628525382756,
        "fp_reduction": 0.8112824190271304,
        "sensitivity_change": -0.02750000000000008,
        "score": 0.6843883071777608
      }
    },
    "time_60s": {
      "method": "time_based",
      "parameters": {
        "threshold": 60
      },
      "clusters": 1706,
      "metrics": {
        "total_anomalies": 1706,
        "true_positives": 438,
        "false_positives": 1268,
        "sensitivity": 0.745,
        "precision": 0.2567409144196952,
        "false_alarm_rate": 0.7432590855803048,
        "anomaly_reduction": 0.8750274705149805,
        "fp_reduction": 0.848452252898291,
        "sensitivity_change": -0.040000000000000036,
        "score": 0.6915795928934687
      }
    },
    "time_120s": {
      "method": "time_based",
      "parameters": {
        "threshold": 120
      },
      "clusters": 1352,
      "metrics": {
        "total_anomalies": 1352,
        "true_positives": 352,
        "false_positives": 1000,
        "sensitivity": 0.7325,
        "precision": 0.2603550295857988,
        "false_alarm_rate": 0.7396449704142012,
        "anomaly_reduction": 0.9009596366566552,
        "fp_reduction": 0.880482849288873,
        "sensitivity_change": -0.05249999999999999,
        "score": 0.6935776005703204
      }
    },
    "time_alt_20s": {
      "method": "time_based_alt",
      "parameters": {
        "threshold": 20
      },
      "clusters": 2700,
      "metrics": {
        "total_anomalies": 2700,
        "true_positives": 755,
        "false_positives": 1945,
        "sensitivity": 0.765,
        "precision": 0.2796296296296296,
        "false_alarm_rate": 0.7203703703703703,
        "anomaly_reduction": 0.80221229213977,
        "fp_reduction": 0.7675391418668579,
        "sensitivity_change": -0.020000000000000018,
        "score": 0.6611871727620456
      }
    },
    "time_alt_25s": {
      "method": "time_based_alt",
      "parameters": {
        "threshold": 25
      },
      "clusters": 2351,
      "metrics": {
        "total_anomalies": 2351,
        "true_positives": 646,
        "false_positives": 1705,
        "sensitivity": 0.76,
        "precision": 0.27477669076988515,
        "false_alarm_rate": 0.7252233092301148,
        "anomaly_reduction": 0.8277781847483701,
        "fp_reduction": 0.7962232580375284,
        "sensitivity_change": -0.025000000000000022,
        "score": 0.676067410247028
      }
    },
    "time_alt_35s": {
      "method": "time_based_alt",
      "parameters": {
        "threshold": 35
      },
      "clusters": 2036,
      "metrics": {
        "total_anomalies": 2036,
        "true_positives": 531,
        "false_positives": 1505,
        "sensitivity": 0.755,
        "precision": 0.26080550098231825,
        "false_alarm_rate": 0.7391944990176817,
        "anomaly_reduction": 0.8508534173320635,
        "fp_reduction": 0.8201266881797538,
        "sensitivity_change": -0.030000000000000027,
        "score": 0.6873320381074712
      }
    },
    "time_alt_45s": {
      "method": "time_based_alt",
      "parameters": {
        "threshold": 45
      },
      "clusters": 1857,
      "metrics": {
        "total_anomalies": 1857,
        "true_positives": 476,
        "false_positives": 1381,
        "sensitivity": 0.75,
        "precision": 0.2563274098007539,
        "false_alarm_rate": 0.7436725901992461,
        "anomaly_reduction": 0.8639660098161307,
        "fp_reduction": 0.8349468148679335,
        "sensitivity_change": -0.03500000000000003,
        "score": 0.6901578918655992
      }
    },
    "time_45s": {
      "method": "time_based",
      "parameters": {
        "threshold": 45
      },
      "clusters": 1857,
      "metrics": {
        "total_anomalies": 1857,
        "true_positives": 476,
        "false_positives": 1381,
        "sensitivity": 0.75,
        "precision": 0.2563274098007539,
        "false_alarm_rate": 0.7436725901992461,
        "anomaly_reduction": 0.8639660098161307,
        "fp_reduction": 0.8349468148679335,
        "sensitivity_change": -0.03500000000000003,
        "score": 0.6901578918655992
      }
    }
  }
}