{
  "strategy": "time_900s",
  "before": {
    "total_anomalies": 929,
    "true_positives": 3,
    "false_positives": 926,
    "event_recall": 0.75,
    "event_iou": 0.0032258064516129032,
    "event_far_per_hour": 8.688852746152884
  },
  "after": {
    "total_anomalies": 118,
    "true_positives": 0,
    "false_positives": 118,
    "anomaly_reduction": 0.8729817007534983,
    "fp_reduction": 0.8725701943844493,
    "event_recall": 1.0,
    "event_iou": 0.03389830508474576,
    "event_far_per_hour": 1.0696859752283248,
    "event_recall_change": 0.25,
    "sensitivity_penalty": 0.0,
    "over_clustering_penalty": 0.5,
    "score": 0.285436626856719
  },
  "improvements": {
    "anomaly_reduction_pct": 87.29817007534983,
    "fp_reduction_pct": 87.25701943844493,
    "event_recall_change": 0.25,
    "event_iou_improvement": 0.030672498633132858,
    "event_far_change": -7.61916677092456
  }
}